"Brand","score1","score2"
"Chestnut Ridge",0.522117874103473,0.540084790889783
"Retailer A",-0.192266777880333,0.347549800983966
"Retailer B",-1,0.108782898030769
"Retailer C",-0.719099344332886,-0.0380316625152694
"Retailer D",0.692354400295858,-1
"Retailer E",0.801858386620152,0.62083909540808
"Retailer F",-0.104964538806264,-0.579224922797329
